{"model_name": "GRU_FastText", "chunk_f1": 0.6454183266932271, "tag_f1": 0.9451691805951896}