{"model_name": "GRU_GloVe", "chunk_f1": 0.6260162601626016, "tag_f1": 0.9449653485527925}